{
    "__comment": "Made with TheDestruc7i0n's advancements generator: https://advancements.thedestruc7i0n.ca",
    "display": {
        "title": "Drying Out!",
        "description": "Make a [Drying Rack]",
        "icon": {
            "item": "minecraft:oak_log"
        },
        "frame": "task",
        "show_toast": true,
        "announce_to_chat": true,
        "hidden": false
    },
    "criteria": {
        "drying_rack": {
            "trigger": "minecraft:inventory_changed",
            "conditions": {
                "items": [
                    {
                        "item": "diamond_hoe",
                        "nbt": "{Unbreakable:1b,Damage:11,display: {Name: \"{\\\"text\\\":\\\"Drying Rack\\\",\\\"color\\\":\\\"white\\\",\\\"italic\\\":false}\"},gm:2}",
                        "count": {
                            "min": 1,
                            "max": 1
                        }
                    }
                ]
            }
        }
    },
    "parent": "advancements:age_of_dirt/get_hide"
}