{
    "__comment": "Made with TheDestruc7i0n's advancements generator: https://advancements.thedestruc7i0n.ca",
    "display": {
        "title": "Butchered!",
        "description": "Kill a [Cow] or a [Pig] to get [Animal Hide]",
        "icon": {
            "item": "minecraft:rabbit_hide"
        },
        "frame": "task",
        "show_toast": true,
        "announce_to_chat": true,
        "hidden": false
    },
    "criteria": {
        "hide": {
            "trigger": "minecraft:inventory_changed",
            "conditions": {
                "items": [
                    {
                        "item": "rabbit_hide",
                        "nbt": "{display:{Name: \"{\\\"text\\\":\\\"Animal Hide\\\",\\\"color\\\":\\\"white\\\",\\\"italic\\\":false}\"}}",
                        "count": {
                            "min": 1,
                            "max": 1
                        }
                    }
                ]
            }
        }
    },
    "parent": "advancements:age_of_dirt/knife"
}