{
    "__comment": "Made with TheDestruc7i0n's advancements generator: https://advancements.thedestruc7i0n.ca",
    "display": {
        "title": "Getting your hands dirty",
        "description": "Break dirt to get some [Flint]",
        "icon": {
            "item": "minecraft:dirt"
        },
        "frame": "task",
        "show_toast": true,
        "announce_to_chat": true,
        "hidden": false
    },
    "criteria": {
        "flint": {
            "trigger": "minecraft:inventory_changed",
            "conditions": {
                "items": [
                    {
                        "item": "flint"
                    }
                ]
            }
        }
    },
    "parent": "advancements:age_of_dirt/root"
}