{
    "__comment": "Made with TheDestruc7i0n's advancements generator: https://advancements.thedestruc7i0n.ca",
    "display": {
        "title": "The beginning",
        "description": "Break some grass to get [Plant Fiber] and [Sticks]",
        "icon": {
            "item": "minecraft:grass"
        },
        "frame": "task",
        "show_toast": true,
        "announce_to_chat": true,
        "hidden": false,
        "background": "minecraft:textures/gui/advancements/backgrounds/stone.png"
    },
    "criteria": {
        "plant_fiber": {
            "trigger": "minecraft:inventory_changed",
            "conditions": {
                "items": [
                    {
                        "item": "tall_grass",
                        "nbt": "{gm:2,display:{Name:\"{\\\"text\\\":\\\"Plant Fiber\\\",\\\"color\\\":\\\"white\\\",\\\"italic\\\":false}\"}}",
                        "count": {
                            "min": 1,
                            "max": 1
                        }
                    }
                ]
            }
        },
        "sticks": {
            "trigger": "minecraft:inventory_changed",
            "conditions": {
                "items": [
                    {
                        "item": "stick",
                        "count": {
                            "min": 1,
                            "max": 1
                        }
                    }
                ]
            }
        }
    }
}