{
    "__comment": "Made with TheDestruc7i0n's advancements generator: https://advancements.thedestruc7i0n.ca",
    "display": {
        "title": "Is hot in here or is it just me?",
        "description": "Throw [Animal Hide] onto your [Drying Rack] to get [Tanned Hide]",
        "icon": {
            "item": "minecraft:leather"
        },
        "frame": "goal",
        "show_toast": true,
        "announce_to_chat": true,
        "hidden": false
    },
    "criteria": {
        "leather": {
            "trigger": "minecraft:inventory_changed",
            "conditions": {
                "items": [
                    {
                        "item": "leather",
                        "nbt": "{display: {Name:\"{\\\"text\\\":\\\"Tanned Hide\\\",\\\"color\\\":\\\"white\\\",\\\"italic\\\":false}\"}}",
                        "count": {
                            "min": 1,
                            "max": 1
                        }
                    }
                ]
            }
        }
    },
    "parent": "advancements:age_of_dirt/drying_out"
}